x,y
-4.805999953061343,-7.5999999649822705
-3.8059999381601815,-7.5999999649822705
-2.2559999150633816,-7.5999999649822705
-2.2059999143183235,-7.5999999649822705
-4.855999953806401,-7.549999964237212
-4.805999953061343,-7.549999964237212
-3.8059999381601815,-7.549999964237212
-2.2559999150633816,-7.549999964237212
-2.2059999143183235,-7.549999964237212
-4.955999955296517,-7.499999963492154
-4.805999953061343,-7.499999963492154
-3.8559999389052395,-7.499999963492154
-3.8059999381601815,-7.499999963492154
-2.2559999150633816,-7.499999963492154
-2.2059999143183235,-7.499999963492154
-4.855999953806401,-7.449999962747096
-4.805999953061343,-7.449999962747096
-3.8559999389052395,-7.449999962747096
-3.8059999381601815,-7.449999962747096
-2.2559999150633816,-7.449999962747096
-2.2059999143183235,-7.449999962747096
-1.3559999016523365,-7.449999962747096
-1.1059998979270462,-7.449999962747096
-1.0559998971819882,-7.449999962747096
-0.955999895691872,-7.449999962747096
-0.8559998942017559,-7.449999962747096
-0.8059998934566979,-7.449999962747096
-4.855999953806401,-7.399999962002038
-4.805999953061343,-7.399999962002038
-3.8559999389052395,-7.399999962002038
-3.8059999381601815,-7.399999962002038
-2.2059999143183235,-7.399999962002038
-2.1559999135732655,-7.399999962002038
-2.1059999128282074,-7.399999962002038
-2.0559999120831494,-7.399999962002038
-2.0059999113380913,-7.399999962002038
-1.9559999105930332,-7.399999962002038
-1.9059999098479752,-7.399999962002038
-1.8559999091029171,-7.399999962002038
-1.5559999046325688,-7.399999962002038
-1.5059999038875107,-7.399999962002038
-1.4559999031424526,-7.399999962002038
-1.4059999023973946,-7.399999962002038
-1.3559999016523365,-7.399999962002038
-1.3059999009072785,-7.399999962002038
-1.2559999001622204,-7.399999962002038
-1.2059998994171623,-7.399999962002038
-1.1559998986721043,-7.399999962002038
-1.1059998979270462,-7.399999962002038
-1.0559998971819882,-7.399999962002038
-1.00599989643693,-7.399999962002038
-0.955999895691872,-7.399999962002038
-0.905999894946814,-7.399999962002038
-0.8559998942017559,-7.399999962002038
-0.8059998934566979,-7.399999962002038
-0.7559998927116398,-7.399999962002038
-0.7059998919665817,-7.399999962002038
-0.6559998912215237,-7.399999962002038
-0.6059998904764656,-7.399999962002038
-4.855999953806401,-7.34999996125698
-4.805999953061343,-7.34999996125698
-3.8559999389052395,-7.34999996125698
-3.8059999381601815,-7.34999996125698
-2.1059999128282074,-7.34999996125698
-2.0559999120831494,-7.34999996125698
-2.0059999113380913,-7.34999996125698
-1.9559999105930332,-7.34999996125698
-1.9059999098479752,-7.34999996125698
-1.8559999091029171,-7.34999996125698
-1.805999908357859,-7.34999996125698
-1.755999907612801,-7.34999996125698
-1.705999906867743,-7.34999996125698
-1.6559999061226849,-7.34999996125698
-1.6059999053776268,-7.34999996125698
-1.5559999046325688,-7.34999996125698
-1.5059999038875107,-7.34999996125698
-1.4559999031424526,-7.34999996125698
-1.4059999023973946,-7.34999996125698
-1.3559999016523365,-7.34999996125698
-1.3059999009072785,-7.34999996125698
-1.2559999001622204,-7.34999996125698
-1.2059998994171623,-7.34999996125698
-1.1559998986721043,-7.34999996125698
-1.1059998979270462,-7.34999996125698
-1.0559998971819882,-7.34999996125698
-1.00599989643693,-7.34999996125698
-0.955999895691872,-7.34999996125698
-0.905999894946814,-7.34999996125698
-0.8559998942017559,-7.34999996125698
-0.8059998934566979,-7.34999996125698
-0.7559998927116398,-7.34999996125698
-0.7059998919665817,-7.34999996125698
-0.6559998912215237,-7.34999996125698
-0.6059998904764656,-7.34999996125698
-0.5559998897314076,-7.34999996125698
-0.5059998889863495,-7.34999996125698
-0.45599988824129145,-7.34999996125698
-0.4059998874962334,-7.34999996125698
-4.905999954551459,-7.299999960511922
-4.855999953806401,-7.299999960511922
-4.805999953061343,-7.299999960511922
-3.8559999389052395,-7.299999960511922
-3.8059999381601815,-7.299999960511922
-1.8559999091029171,-7.299999960511922
-0.45599988824129145,-7.299999960511922
-0.4059998874962334,-7.299999960511922
-4.855999953806401,-7.249999959766864
-4.805999953061343,-7.249999959766864
-3.8559999389052395,-7.249999959766864
-3.8059999381601815,-7.249999959766864
-1.9559999105930332,-7.249999959766864
-1.9059999098479752,-7.249999959766864
-0.4059998874962334,-7.249999959766864
-4.855999953806401,-7.199999959021806
-3.8559999389052395,-7.199999959021806
-3.8059999381601815,-7.199999959021806
-0.4059998874962334,-7.199999959021806
-4.855999953806401,-7.149999958276748
-3.8559999389052395,-7.149999958276748
-3.8059999381601815,-7.149999958276748
-0.4059998874962334,-7.149999958276748
-4.855999953806401,-7.09999995753169
-3.8559999389052395,-7.09999995753169
-3.8059999381601815,-7.09999995753169
-0.4059998874962334,-7.09999995753169
-4.855999953806401,-7.049999956786632
-3.8559999389052395,-7.049999956786632
-3.8059999381601815,-7.049999956786632
-0.4059998874962334,-7.049999956786632
-4.855999953806401,-6.999999956041574
-3.8559999389052395,-6.999999956041574
-3.8059999381601815,-6.999999956041574
-0.4059998874962334,-6.999999956041574
-4.855999953806401,-6.949999955296516
-3.8559999389052395,-6.949999955296516
-3.8059999381601815,-6.949999955296516
-0.4059998874962334,-6.949999955296516
-4.855999953806401,-6.899999954551458
-3.8559999389052395,-6.899999954551458
-3.8059999381601815,-6.899999954551458
-0.4059998874962334,-6.899999954551458
-4.855999953806401,-6.8499999538064
-3.8559999389052395,-6.8499999538064
-3.8059999381601815,-6.8499999538064
-0.4059998874962334,-6.8499999538064
-4.855999953806401,-6.7999999530613415
-4.805999953061343,-6.7999999530613415
-3.8559999389052395,-6.7999999530613415
-3.8059999381601815,-6.7999999530613415
-0.45599988824129145,-6.7999999530613415
-0.4059998874962334,-6.7999999530613415
-4.855999953806401,-6.7499999523162835
-4.805999953061343,-6.7499999523162835
-3.8559999389052395,-6.7499999523162835
-3.8059999381601815,-6.7499999523162835
-0.45599988824129145,-6.7499999523162835
-0.4059998874962334,-6.7499999523162835
-4.855999953806401,-6.699999951571225
-4.805999953061343,-6.699999951571225
-4.755999952316285,-6.699999951571225
-3.9059999396502976,-6.699999951571225
-3.8559999389052395,-6.699999951571225
-3.8059999381601815,-6.699999951571225
-0.45599988824129145,-6.699999951571225
-0.4059998874962334,-6.699999951571225
-4.855999953806401,-6.649999950826167
-3.9059999396502976,-6.649999950826167
-3.8559999389052395,-6.649999950826167
-0.45599988824129145,-6.649999950826167
-0.4059998874962334,-6.649999950826167
-4.855999953806401,-6.599999950081109
-4.805999953061343,-6.599999950081109
-3.8559999389052395,-6.599999950081109
-0.45599988824129145,-6.599999950081109
-0.4059998874962334,-6.599999950081109
-4.855999953806401,-6.549999949336051
-4.805999953061343,-6.549999949336051
-3.8559999389052395,-6.549999949336051
-0.45599988824129145,-6.549999949336051
-0.4059998874962334,-6.549999949336051
-4.855999953806401,-6.499999948590993
-3.9059999396502976,-6.499999948590993
-3.8559999389052395,-6.499999948590993
-0.45599988824129145,-6.499999948590993
-0.4059998874962334,-6.499999948590993
-4.905999954551459,-6.449999947845935
-4.855999953806401,-6.449999947845935
-3.9059999396502976,-6.449999947845935
-3.8559999389052395,-6.449999947845935
-0.45599988824129145,-6.449999947845935
-0.4059998874962334,-6.449999947845935
-4.905999954551459,-6.399999947100877
-3.8559999389052395,-6.399999947100877
-0.45599988824129145,-6.399999947100877
-0.4059998874962334,-6.399999947100877
-4.905999954551459,-6.349999946355819
-3.8559999389052395,-6.349999946355819
-0.45599988824129145,-6.349999946355819
-0.4059998874962334,-6.349999946355819
-4.905999954551459,-6.299999945610761
-3.9059999396502976,-6.299999945610761
-3.8559999389052395,-6.299999945610761
-2.8559999240040783,-6.299999945610761
-2.8059999232590203,-6.299999945610761
-2.755999922513962,-6.299999945610761
-2.705999921768904,-6.299999945610761
-2.655999921023846,-6.299999945610761
-2.605999920278788,-6.299999945610761
-0.45599988824129145,-6.299999945610761
-0.4059998874962334,-6.299999945610761
-4.905999954551459,-6.249999944865703
-3.9059999396502976,-6.249999944865703
-3.8559999389052395,-6.249999944865703
-2.9059999247491364,-6.249999944865703
-2.8559999240040783,-6.249999944865703
-2.8059999232590203,-6.249999944865703
-2.755999922513962,-6.249999944865703
-2.705999921768904,-6.249999944865703
-2.655999921023846,-6.249999944865703
-2.605999920278788,-6.249999944865703
-2.55599991953373,-6.249999944865703
-2.505999918788672,-6.249999944865703
-2.455999918043614,-6.249999944865703
-2.405999917298556,-6.249999944865703
-0.45599988824129145,-6.249999944865703
-0.4059998874962334,-6.249999944865703
-4.905999954551459,-6.199999944120645
-3.9059999396502976,-6.199999944120645
-3.8559999389052395,-6.199999944120645
-2.9059999247491364,-6.199999944120645
-2.405999917298556,-6.199999944120645
-2.3559999165534977,-6.199999944120645
-0.45599988824129145,-6.199999944120645
-0.4059998874962334,-6.199999944120645
-4.905999954551459,-6.149999943375587
-3.9059999396502976,-6.149999943375587
-3.8559999389052395,-6.149999943375587
-2.9059999247491364,-6.149999943375587
-2.405999917298556,-6.149999943375587
-2.3559999165534977,-6.149999943375587
-0.45599988824129145,-6.149999943375587
-0.4059998874962334,-6.149999943375587
-4.955999955296517,-6.099999942630529
-4.905999954551459,-6.099999942630529
-3.8559999389052395,-6.099999942630529
-2.9059999247491364,-6.099999942630529
-2.405999917298556,-6.099999942630529
-2.3559999165534977,-6.099999942630529
-0.45599988824129145,-6.099999942630529
-0.4059998874962334,-6.099999942630529
-4.905999954551459,-6.049999941885471
-3.8559999389052395,-6.049999941885471
-2.9059999247491364,-6.049999941885471
-2.455999918043614,-6.049999941885471
-2.405999917298556,-6.049999941885471
-2.3559999165534977,-6.049999941885471
-0.45599988824129145,-6.049999941885471
-4.905999954551459,-5.999999941140413
-3.9059999396502976,-5.999999941140413
-3.8559999389052395,-5.999999941140413
-2.9059999247491364,-5.999999941140413
-2.455999918043614,-5.999999941140413
-2.405999917298556,-5.999999941140413
-2.3559999165534977,-5.999999941140413
-0.45599988824129145,-5.999999941140413
-4.905999954551459,-5.9499999403953545
-3.9059999396502976,-5.9499999403953545
-3.8559999389052395,-5.9499999403953545
-3.8059999381601815,-5.9499999403953545
-2.9559999254941944,-5.9499999403953545
-2.9059999247491364,-5.9499999403953545
-2.455999918043614,-5.9499999403953545
-2.405999917298556,-5.9499999403953545
-2.3559999165534977,-5.9499999403953545
-0.45599988824129145,-5.9499999403953545
-4.905999954551459,-5.8999999396502965
-3.9059999396502976,-5.8999999396502965
-3.8559999389052395,-5.8999999396502965
-3.8059999381601815,-5.8999999396502965
-2.9559999254941944,-5.8999999396502965
-2.9059999247491364,-5.8999999396502965
-2.455999918043614,-5.8999999396502965
-2.405999917298556,-5.8999999396502965
-2.3559999165534977,-5.8999999396502965
-0.45599988824129145,-5.8999999396502965
-4.905999954551459,-5.849999938905238
-3.9059999396502976,-5.849999938905238
-3.8559999389052395,-5.849999938905238
-3.8059999381601815,-5.849999938905238
-2.9559999254941944,-5.849999938905238
-2.9059999247491364,-5.849999938905238
-2.455999918043614,-5.849999938905238
-2.405999917298556,-5.849999938905238
-0.45599988824129145,-5.849999938905238
-4.905999954551459,-5.79999993816018
-3.9059999396502976,-5.79999993816018
-3.8559999389052395,-5.79999993816018
-3.8059999381601815,-5.79999993816018
-2.9559999254941944,-5.79999993816018
-2.9059999247491364,-5.79999993816018
-2.455999918043614,-5.79999993816018
-2.405999917298556,-5.79999993816018
-2.3559999165534977,-5.79999993816018
-0.5059998889863495,-5.79999993816018
-0.45599988824129145,-5.79999993816018
-4.905999954551459,-5.749999937415122
-3.9059999396502976,-5.749999937415122
-3.8559999389052395,-5.749999937415122
-3.8059999381601815,-5.749999937415122
-2.9559999254941944,-5.749999937415122
-2.9059999247491364,-5.749999937415122
-2.455999918043614,-5.749999937415122
-2.405999917298556,-5.749999937415122
-2.3559999165534977,-5.749999937415122
-0.45599988824129145,-5.749999937415122
-4.905999954551459,-5.699999936670064
-4.855999953806401,-5.699999936670064
-4.805999953061343,-5.699999936670064
-3.9059999396502976,-5.699999936670064
-3.8559999389052395,-5.699999936670064
-3.8059999381601815,-5.699999936670064
-2.9559999254941944,-5.699999936670064
-2.9059999247491364,-5.699999936670064
-2.455999918043614,-5.699999936670064
-2.405999917298556,-5.699999936670064
-0.45599988824129145,-5.699999936670064
-4.905999954551459,-5.649999935925006
-4.855999953806401,-5.649999935925006
-4.805999953061343,-5.649999935925006
-3.9059999396502976,-5.649999935925006
-3.8559999389052395,-5.649999935925006
-3.8059999381601815,-5.649999935925006
-2.9559999254941944,-5.649999935925006
-2.9059999247491364,-5.649999935925006
-2.455999918043614,-5.649999935925006
-2.405999917298556,-5.649999935925006
-0.45599988824129145,-5.649999935925006
-4.905999954551459,-5.599999935179948
-3.9059999396502976,-5.599999935179948
-3.8559999389052395,-5.599999935179948
-2.9559999254941944,-5.599999935179948
-2.9059999247491364,-5.599999935179948
-2.455999918043614,-5.599999935179948
-2.405999917298556,-5.599999935179948
-0.45599988824129145,-5.599999935179948
-4.905999954551459,-5.54999993443489
-4.855999953806401,-5.54999993443489
-3.9059999396502976,-5.54999993443489
-3.8559999389052395,-5.54999993443489
-2.9559999254941944,-5.54999993443489
-2.9059999247491364,-5.54999993443489
-2.455999918043614,-5.54999993443489
-2.405999917298556,-5.54999993443489
-0.45599988824129145,-5.54999993443489
-4.905999954551459,-5.499999933689832
-4.855999953806401,-5.499999933689832
-3.9059999396502976,-5.499999933689832
-3.8559999389052395,-5.499999933689832
-2.9559999254941944,-5.499999933689832
-2.9059999247491364,-5.499999933689832
-2.455999918043614,-5.499999933689832
-2.405999917298556,-5.499999933689832
-0.45599988824129145,-5.499999933689832
-4.905999954551459,-5.449999932944774
-4.855999953806401,-5.449999932944774
-3.9059999396502976,-5.449999932944774
-3.8559999389052395,-5.449999932944774
-2.9559999254941944,-5.449999932944774
-2.9059999247491364,-5.449999932944774
-2.405999917298556,-5.449999932944774
-0.45599988824129145,-5.449999932944774
-4.905999954551459,-5.399999932199716
-3.9059999396502976,-5.399999932199716
-3.8559999389052395,-5.399999932199716
-2.9559999254941944,-5.399999932199716
-2.9059999247491364,-5.399999932199716
-2.505999918788672,-5.399999932199716
-2.455999918043614,-5.399999932199716
-2.405999917298556,-5.399999932199716
-0.5059998889863495,-5.399999932199716
-0.45599988824129145,-5.399999932199716
-4.905999954551459,-5.349999931454658
-3.9059999396502976,-5.349999931454658
-3.8559999389052395,-5.349999931454658
-2.9059999247491364,-5.349999931454658
-2.505999918788672,-5.349999931454658
-2.455999918043614,-5.349999931454658
-2.405999917298556,-5.349999931454658
-0.5559998897314076,-5.349999931454658
-0.5059998889863495,-5.349999931454658
-0.45599988824129145,-5.349999931454658
-4.905999954551459,-5.2999999307096
-3.9059999396502976,-5.2999999307096
-3.8559999389052395,-5.2999999307096
-2.9059999247491364,-5.2999999307096
-2.455999918043614,-5.2999999307096
-2.405999917298556,-5.2999999307096
-1.1559998986721043,-5.2999999307096
-1.1059998979270462,-5.2999999307096
-1.0559998971819882,-5.2999999307096
-1.00599989643693,-5.2999999307096
-0.955999895691872,-5.2999999307096
-0.905999894946814,-5.2999999307096
-0.6059998904764656,-5.2999999307096
-0.5559998897314076,-5.2999999307096
-0.5059998889863495,-5.2999999307096
-0.45599988824129145,-5.2999999307096
-4.905999954551459,-5.249999929964542
-3.9059999396502976,-5.249999929964542
-3.8559999389052395,-5.249999929964542
-2.9559999254941944,-5.249999929964542
-2.9059999247491364,-5.249999929964542
-2.455999918043614,-5.249999929964542
-2.405999917298556,-5.249999929964542
-1.2059998994171623,-5.249999929964542
-1.1559998986721043,-5.249999929964542
-1.1059998979270462,-5.249999929964542
-1.0559998971819882,-5.249999929964542
-1.00599989643693,-5.249999929964542
-0.955999895691872,-5.249999929964542
-0.905999894946814,-5.249999929964542
-0.8559998942017559,-5.249999929964542
-0.8059998934566979,-5.249999929964542
-0.7559998927116398,-5.249999929964542
-0.7059998919665817,-5.249999929964542
-0.6559998912215237,-5.249999929964542
-0.6059998904764656,-5.249999929964542
-0.5559998897314076,-5.249999929964542
-0.5059998889863495,-5.249999929964542
0.0940001199543472,-5.249999929964542
-4.955999955296517,-5.199999929219484
-4.905999954551459,-5.199999929219484
-3.9059999396502976,-5.199999929219484
-3.8559999389052395,-5.199999929219484
-2.9559999254941944,-5.199999929219484
-2.455999918043614,-5.199999929219484
-2.405999917298556,-5.199999929219484
-1.2059998994171623,-5.199999929219484
-1.1559998986721043,-5.199999929219484
-1.1059998979270462,-5.199999929219484
-1.0559998971819882,-5.199999929219484
-1.00599989643693,-5.199999929219484
-0.955999895691872,-5.199999929219484
-0.905999894946814,-5.199999929219484
-0.8559998942017559,-5.199999929219484
-0.8059998934566979,-5.199999929219484
-0.7559998927116398,-5.199999929219484
-0.7059998919665817,-5.199999929219484
-0.6559998912215237,-5.199999929219484
-0.6059998904764656,-5.199999929219484
-0.5559998897314076,-5.199999929219484
-0.5059998889863495,-5.199999929219484
-0.45599988824129145,-5.199999929219484
-0.4059998874962334,-5.199999929219484
-0.35599988675117533,-5.199999929219484
-0.30599988600611727,-5.199999929219484
-0.2559998852610592,-5.199999929219484
-0.20599988451600115,-5.199999929219484
-0.1559998837709431,-5.199999929219484
-0.10599988302588503,-5.199999929219484
-0.055999882280826974,-5.199999929219484
-0.005999881535768914,-5.199999929219484
0.044000119209289146,-5.199999929219484
0.0940001199543472,-5.199999929219484
0.14400012069940527,-5.199999929219484
0.19400012144446332,-5.199999929219484
0.24400012218952138,-5.199999929219484
0.29400012293457944,-5.199999929219484
0.3440001236796375,-5.199999929219484
0.39400012442469556,-5.199999929219484
0.4440001251697536,-5.199999929219484
0.4940001259148117,-5.199999929219484
0.5440001266598697,-5.199999929219484
0.5940001274049278,-5.199999929219484
0.744000129640102,-5.199999929219484
0.9440001326203342,-5.199999929219484
0.9940001333653923,-5.199999929219484
-4.905999954551459,-5.149999928474426
-3.9059999396502976,-5.149999928474426
-3.8559999389052395,-5.149999928474426
-2.9559999254941944,-5.149999928474426
-2.455999918043614,-5.149999928474426
-2.405999917298556,-5.149999928474426
-0.5059998889863495,-5.149999928474426
-0.45599988824129145,-5.149999928474426
-0.30599988600611727,-5.149999928474426
-0.2559998852610592,-5.149999928474426
-0.20599988451600115,-5.149999928474426
-0.1559998837709431,-5.149999928474426
-0.10599988302588503,-5.149999928474426
-0.055999882280826974,-5.149999928474426
-0.005999881535768914,-5.149999928474426
0.044000119209289146,-5.149999928474426
0.0940001199543472,-5.149999928474426
0.14400012069940527,-5.149999928474426
0.19400012144446332,-5.149999928474426
0.24400012218952138,-5.149999928474426
0.29400012293457944,-5.149999928474426
0.3440001236796375,-5.149999928474426
0.39400012442469556,-5.149999928474426
0.4440001251697536,-5.149999928474426
0.4940001259148117,-5.149999928474426
0.5440001266598697,-5.149999928474426
0.5940001274049278,-5.149999928474426
0.6440001281499859,-5.149999928474426
0.6940001288950439,-5.149999928474426
0.744000129640102,-5.149999928474426
0.79400013038516,-5.149999928474426
0.8440001311302181,-5.149999928474426
0.8940001318752762,-5.149999928474426
0.9440001326203342,-5.149999928474426
0.9940001333653923,-5.149999928474426
-4.905999954551459,-5.0999999277293675
-4.855999953806401,-5.0999999277293675
-3.9059999396502976,-5.0999999277293675
-3.8559999389052395,-5.0999999277293675
-2.9559999254941944,-5.0999999277293675
-2.455999918043614,-5.0999999277293675
-2.405999917298556,-5.0999999277293675
0.4940001259148117,-5.0999999277293675
0.5440001266598697,-5.0999999277293675
0.5940001274049278,-5.0999999277293675
0.6440001281499859,-5.0999999277293675
0.6940001288950439,-5.0999999277293675
0.744000129640102,-5.0999999277293675
0.79400013038516,-5.0999999277293675
0.8440001311302181,-5.0999999277293675
0.8940001318752762,-5.0999999277293675
0.9440001326203342,-5.0999999277293675
0.9940001333653923,-5.0999999277293675
1.0440001341104503,-5.0999999277293675
-4.905999954551459,-5.049999926984309
-3.9059999396502976,-5.049999926984309
-3.8559999389052395,-5.049999926984309
-2.9559999254941944,-5.049999926984309
-2.455999918043614,-5.049999926984309
-2.405999917298556,-5.049999926984309
0.9940001333653923,-5.049999926984309
1.0440001341104503,-5.049999926984309
-4.905999954551459,-4.999999926239251
-3.9059999396502976,-4.999999926239251
-3.8559999389052395,-4.999999926239251
-2.9559999254941944,-4.999999926239251
-2.455999918043614,-4.999999926239251
-2.405999917298556,-4.999999926239251
1.0440001341104503,-4.999999926239251
-4.905999954551459,-4.949999925494193
-3.9059999396502976,-4.949999925494193
-3.8559999389052395,-4.949999925494193
-2.9559999254941944,-4.949999925494193
-2.455999918043614,-4.949999925494193
-2.405999917298556,-4.949999925494193
0.9940001333653923,-4.949999925494193
1.0440001341104503,-4.949999925494193
-4.905999954551459,-4.899999924749135
-3.9059999396502976,-4.899999924749135
-3.8559999389052395,-4.899999924749135
-3.8059999381601815,-4.899999924749135
-3.0059999262392525,-4.899999924749135
-2.9559999254941944,-4.899999924749135
-2.455999918043614,-4.899999924749135
0.9940001333653923,-4.899999924749135
1.0440001341104503,-4.899999924749135
-4.905999954551459,-4.849999924004077
-4.855999953806401,-4.849999924004077
-3.9059999396502976,-4.849999924004077
-3.8559999389052395,-4.849999924004077
-3.8059999381601815,-4.849999924004077
-3.0059999262392525,-4.849999924004077
-2.9559999254941944,-4.849999924004077
-2.455999918043614,-4.849999924004077
0.9940001333653923,-4.849999924004077
1.0440001341104503,-4.849999924004077
-4.905999954551459,-4.799999923259019
-4.855999953806401,-4.799999923259019
-3.9059999396502976,-4.799999923259019
-3.8559999389052395,-4.799999923259019
-3.8059999381601815,-4.799999923259019
-3.0059999262392525,-4.799999923259019
-2.9559999254941944,-4.799999923259019
-2.455999918043614,-4.799999923259019
0.9940001333653923,-4.799999923259019
1.0440001341104503,-4.799999923259019
-4.905999954551459,-4.749999922513961
-4.855999953806401,-4.749999922513961
-3.9059999396502976,-4.749999922513961
-3.8559999389052395,-4.749999922513961
-3.0059999262392525,-4.749999922513961
-2.9559999254941944,-4.749999922513961
-2.455999918043614,-4.749999922513961
0.9940001333653923,-4.749999922513961
1.0440001341104503,-4.749999922513961
-4.905999954551459,-4.699999921768903
-4.855999953806401,-4.699999921768903
-3.9059999396502976,-4.699999921768903
-3.8559999389052395,-4.699999921768903
-3.0059999262392525,-4.699999921768903
-2.9559999254941944,-4.699999921768903
-2.455999918043614,-4.699999921768903
0.9940001333653923,-4.699999921768903
1.0440001341104503,-4.699999921768903
-4.905999954551459,-4.649999921023845
-3.9559999403953556,-4.649999921023845
-3.9059999396502976,-4.649999921023845
-3.8559999389052395,-4.649999921023845
-2.9559999254941944,-4.649999921023845
-2.455999918043614,-4.649999921023845
0.9940001333653923,-4.649999921023845
1.0440001341104503,-4.649999921023845
-4.905999954551459,-4.599999920278787
-3.9559999403953556,-4.599999920278787
-3.9059999396502976,-4.599999920278787
-3.8559999389052395,-4.599999920278787
-2.9559999254941944,-4.599999920278787
-2.455999918043614,-4.599999920278787
0.9940001333653923,-4.599999920278787
1.0440001341104503,-4.599999920278787
-4.905999954551459,-4.549999919533729
-3.9559999403953556,-4.549999919533729
-3.9059999396502976,-4.549999919533729
-3.8559999389052395,-4.549999919533729
-2.9559999254941944,-4.549999919533729
-2.455999918043614,-4.549999919533729
0.9940001333653923,-4.549999919533729
1.0440001341104503,-4.549999919533729
-4.905999954551459,-4.499999918788671
-3.9559999403953556,-4.499999918788671
-3.9059999396502976,-4.499999918788671
-3.8559999389052395,-4.499999918788671
-2.9559999254941944,-4.499999918788671
-2.505999918788672,-4.499999918788671
-2.455999918043614,-4.499999918788671
0.9940001333653923,-4.499999918788671
1.0440001341104503,-4.499999918788671
-4.905999954551459,-4.449999918043613
-3.9559999403953556,-4.449999918043613
-3.9059999396502976,-4.449999918043613
-2.9559999254941944,-4.449999918043613
-2.505999918788672,-4.449999918043613
-2.455999918043614,-4.449999918043613
0.9940001333653923,-4.449999918043613
1.0440001341104503,-4.449999918043613
-4.905999954551459,-4.399999917298555
-3.9559999403953556,-4.399999917298555
-3.9059999396502976,-4.399999917298555
-2.9559999254941944,-4.399999917298555
-2.9059999247491364,-4.399999917298555
-2.8559999240040783,-4.399999917298555
-2.8059999232590203,-4.399999917298555
-2.755999922513962,-4.399999917298555
-2.705999921768904,-4.399999917298555
-2.655999921023846,-4.399999917298555
-2.605999920278788,-4.399999917298555
-2.55599991953373,-4.399999917298555
-2.505999918788672,-4.399999917298555
-2.455999918043614,-4.399999917298555
0.9940001333653923,-4.399999917298555
-4.955999955296517,-4.349999916553497
-4.905999954551459,-4.349999916553497
-3.9559999403953556,-4.349999916553497
-3.9059999396502976,-4.349999916553497
-2.8559999240040783,-4.349999916553497
-2.8059999232590203,-4.349999916553497
-2.755999922513962,-4.349999916553497
-2.705999921768904,-4.349999916553497
-2.655999921023846,-4.349999916553497
-2.605999920278788,-4.349999916553497
-2.55599991953373,-4.349999916553497
-2.505999918788672,-4.349999916553497
0.9940001333653923,-4.349999916553497
-4.905999954551459,-4.2999999158084385
-3.9559999403953556,-4.2999999158084385
-3.9059999396502976,-4.2999999158084385
0.9940001333653923,-4.2999999158084385
-4.905999954551459,-4.2499999150633805
-3.9559999403953556,-4.2499999150633805
-3.9059999396502976,-4.2499999150633805
0.9940001333653923,-4.2499999150633805
-4.905999954551459,-4.199999914318322
-3.9559999403953556,-4.199999914318322
-3.9059999396502976,-4.199999914318322
0.9940001333653923,-4.199999914318322
-4.905999954551459,-4.149999913573264
-3.9559999403953556,-4.149999913573264
-3.9059999396502976,-4.149999913573264
0.9940001333653923,-4.149999913573264
-4.905999954551459,-4.099999912828206
-3.9559999403953556,-4.099999912828206
-3.9059999396502976,-4.099999912828206
0.9940001333653923,-4.099999912828206
-4.905999954551459,-4.049999912083148
-3.9559999403953556,-4.049999912083148
-3.9059999396502976,-4.049999912083148
0.9940001333653923,-4.049999912083148
-4.905999954551459,-3.99999991133809
-3.9559999403953556,-3.99999991133809
-3.9059999396502976,-3.99999991133809
0.9440001326203342,-3.99999991133809
0.9940001333653923,-3.99999991133809
-4.905999954551459,-3.949999910593032
-3.9559999403953556,-3.949999910593032
-3.9059999396502976,-3.949999910593032
0.9440001326203342,-3.949999910593032
0.9940001333653923,-3.949999910593032
-4.905999954551459,-3.899999909847974
-3.9559999403953556,-3.899999909847974
-3.9059999396502976,-3.899999909847974
-3.8559999389052395,-3.899999909847974
0.9440001326203342,-3.899999909847974
0.9940001333653923,-3.899999909847974
-4.905999954551459,-3.849999909102916
-3.9559999403953556,-3.849999909102916
-3.9059999396502976,-3.849999909102916
-3.8559999389052395,-3.849999909102916
0.9440001326203342,-3.849999909102916
0.9940001333653923,-3.849999909102916
-4.905999954551459,-3.799999908357858
-3.9559999403953556,-3.799999908357858
-3.9059999396502976,-3.799999908357858
-1.5559999046325688,-3.799999908357858
-1.5059999038875107,-3.799999908357858
0.9440001326203342,-3.799999908357858
0.9940001333653923,-3.799999908357858
-4.905999954551459,-3.7499999076128
-3.9559999403953556,-3.7499999076128
-3.9059999396502976,-3.7499999076128
-1.5559999046325688,-3.7499999076128
-1.5059999038875107,-3.7499999076128
0.9440001326203342,-3.7499999076128
0.9940001333653923,-3.7499999076128
-4.955999955296517,-3.699999906867742
-4.905999954551459,-3.699999906867742
-3.9559999403953556,-3.699999906867742
-3.9059999396502976,-3.699999906867742
-1.5059999038875107,-3.699999906867742
0.9440001326203342,-3.699999906867742
-4.955999955296517,-3.6499999061226838
-4.905999954551459,-3.6499999061226838
-3.9559999403953556,-3.6499999061226838
-3.9059999396502976,-3.6499999061226838
-1.5059999038875107,-3.6499999061226838
0.9440001326203342,-3.6499999061226838
-4.905999954551459,-3.5999999053776257
-3.9559999403953556,-3.5999999053776257
-3.9059999396502976,-3.5999999053776257
-1.5059999038875107,-3.5999999053776257
0.8940001318752762,-3.5999999053776257
0.9440001326203342,-3.5999999053776257
-4.905999954551459,-3.5499999046325676
-3.9559999403953556,-3.5499999046325676
-3.9059999396502976,-3.5499999046325676
-1.5059999038875107,-3.5499999046325676
0.8940001318752762,-3.5499999046325676
0.9440001326203342,-3.5499999046325676
-4.955999955296517,-3.4999999038875096
-4.905999954551459,-3.4999999038875096
-3.9559999403953556,-3.4999999038875096
-3.9059999396502976,-3.4999999038875096
-1.5059999038875107,-3.4999999038875096
0.8940001318752762,-3.4999999038875096
0.9440001326203342,-3.4999999038875096
-4.955999955296517,-3.4499999031424515
-4.905999954551459,-3.4499999031424515
-3.9559999403953556,-3.4499999031424515
-3.9059999396502976,-3.4499999031424515
-1.5559999046325688,-3.4499999031424515
-1.5059999038875107,-3.4499999031424515
0.9440001326203342,-3.4499999031424515
-4.955999955296517,-3.3999999023973935
-4.905999954551459,-3.3999999023973935
-3.9559999403953556,-3.3999999023973935
-3.9059999396502976,-3.3999999023973935
-1.5559999046325688,-3.3999999023973935
-1.5059999038875107,-3.3999999023973935
0.8940001318752762,-3.3999999023973935
0.9440001326203342,-3.3999999023973935
-4.955999955296517,-3.3499999016523354
-4.905999954551459,-3.3499999016523354
-3.9559999403953556,-3.3499999016523354
-3.9059999396502976,-3.3499999016523354
-1.5559999046325688,-3.3499999016523354
-1.5059999038875107,-3.3499999016523354
0.8940001318752762,-3.3499999016523354
0.9440001326203342,-3.3499999016523354
-4.955999955296517,-3.2999999009072774
-4.905999954551459,-3.2999999009072774
-3.9559999403953556,-3.2999999009072774
-3.9059999396502976,-3.2999999009072774
-1.5559999046325688,-3.2999999009072774
-1.5059999038875107,-3.2999999009072774
0.9440001326203342,-3.2999999009072774
-4.955999955296517,-3.2499999001622193
-3.9559999403953556,-3.2499999001622193
-3.9059999396502976,-3.2499999001622193
-1.5559999046325688,-3.2499999001622193
-1.5059999038875107,-3.2499999001622193
0.9440001326203342,-3.2499999001622193
-6.055999971687794,-3.1999998994171612
-4.955999955296517,-3.1999998994171612
-4.905999954551459,-3.1999998994171612
-3.9559999403953556,-3.1999998994171612
-3.9059999396502976,-3.1999998994171612
-2.9559999254941944,-3.1999998994171612
-2.9059999247491364,-3.1999998994171612
-2.8559999240040783,-3.1999998994171612
-2.8059999232590203,-3.1999998994171612
-2.755999922513962,-3.1999998994171612
-2.705999921768904,-3.1999998994171612
-2.655999921023846,-3.1999998994171612
-2.605999920278788,-3.1999998994171612
-2.55599991953373,-3.1999998994171612
-2.505999918788672,-3.1999998994171612
-1.5559999046325688,-3.1999998994171612
-1.5059999038875107,-3.1999998994171612
0.9440001326203342,-3.1999998994171612
-4.955999955296517,-3.149999898672103
-4.905999954551459,-3.149999898672103
-3.9559999403953556,-3.149999898672103
-3.9059999396502976,-3.149999898672103
-3.0559999269843106,-3.149999898672103
-3.0059999262392525,-3.149999898672103
-2.9559999254941944,-3.149999898672103
-2.755999922513962,-3.149999898672103
-2.705999921768904,-3.149999898672103
-2.655999921023846,-3.149999898672103
-2.605999920278788,-3.149999898672103
-2.55599991953373,-3.149999898672103
-2.505999918788672,-3.149999898672103
-1.5559999046325688,-3.149999898672103
-1.5059999038875107,-3.149999898672103
0.9440001326203342,-3.149999898672103
-4.955999955296517,-3.099999897927045
-4.905999954551459,-3.099999897927045
-3.9559999403953556,-3.099999897927045
-3.9059999396502976,-3.099999897927045
-3.0559999269843106,-3.099999897927045
-3.0059999262392525,-3.099999897927045
-2.9559999254941944,-3.099999897927045
-2.55599991953373,-3.099999897927045
-2.505999918788672,-3.099999897927045
-2.455999918043614,-3.099999897927045
-1.5559999046325688,-3.099999897927045
-1.5059999038875107,-3.099999897927045
0.8940001318752762,-3.099999897927045
0.9440001326203342,-3.099999897927045
-4.955999955296517,-3.049999897181987
-3.9559999403953556,-3.049999897181987
-3.9059999396502976,-3.049999897181987
-3.0059999262392525,-3.049999897181987
-2.9559999254941944,-3.049999897181987
-2.55599991953373,-3.049999897181987
-2.505999918788672,-3.049999897181987
-2.455999918043614,-3.049999897181987
-1.5559999046325688,-3.049999897181987
0.8940001318752762,-3.049999897181987
0.9440001326203342,-3.049999897181987
-4.955999955296517,-2.999999896436929
-3.9559999403953556,-2.999999896436929
-3.9059999396502976,-2.999999896436929
-3.0059999262392525,-2.999999896436929
-2.9559999254941944,-2.999999896436929
-2.505999918788672,-2.999999896436929
-1.5559999046325688,-2.999999896436929
0.8440001311302181,-2.999999896436929
0.8940001318752762,-2.999999896436929
0.9440001326203342,-2.999999896436929
-4.955999955296517,-2.949999895691871
-4.005999941140414,-2.949999895691871
-3.9559999403953556,-2.949999895691871
-3.9059999396502976,-2.949999895691871
-3.0059999262392525,-2.949999895691871
-2.9559999254941944,-2.949999895691871
-2.55599991953373,-2.949999895691871
-2.505999918788672,-2.949999895691871
-2.455999918043614,-2.949999895691871
-1.5559999046325688,-2.949999895691871
0.9440001326203342,-2.949999895691871
-5.005999956041575,-2.899999894946813
-4.955999955296517,-2.899999894946813
-3.9559999403953556,-2.899999894946813
-3.9059999396502976,-2.899999894946813
-3.0059999262392525,-2.899999894946813
-2.9559999254941944,-2.899999894946813
-2.55599991953373,-2.899999894946813
-2.505999918788672,-2.899999894946813
-1.5559999046325688,-2.899999894946813
0.8940001318752762,-2.899999894946813
0.9440001326203342,-2.899999894946813
-5.005999956041575,-2.849999894201755
-4.955999955296517,-2.849999894201755
-4.005999941140414,-2.849999894201755
-3.9559999403953556,-2.849999894201755
-3.9059999396502976,-2.849999894201755
-3.0059999262392525,-2.849999894201755
-2.9559999254941944,-2.849999894201755
-2.55599991953373,-2.849999894201755
-2.505999918788672,-2.849999894201755
-1.5559999046325688,-2.849999894201755
0.8940001318752762,-2.849999894201755
0.9440001326203342,-2.849999894201755
-5.005999956041575,-2.7999998934566968
-4.955999955296517,-2.7999998934566968
-3.9559999403953556,-2.7999998934566968
-3.9059999396502976,-2.7999998934566968
-3.0559999269843106,-2.7999998934566968
-3.0059999262392525,-2.7999998934566968
-2.55599991953373,-2.7999998934566968
-2.505999918788672,-2.7999998934566968
-1.5559999046325688,-2.7999998934566968
0.8940001318752762,-2.7999998934566968
0.9440001326203342,-2.7999998934566968
-5.005999956041575,-2.7499998927116387
-4.955999955296517,-2.7499998927116387
-3.9559999403953556,-2.7499998927116387
-3.9059999396502976,-2.7499998927116387
-3.0059999262392525,-2.7499998927116387
-2.55599991953373,-2.7499998927116387
-2.505999918788672,-2.7499998927116387
-1.5559999046325688,-2.7499998927116387
0.8940001318752762,-2.7499998927116387
0.9440001326203342,-2.7499998927116387
-5.005999956041575,-2.6999998919665806
-4.955999955296517,-2.6999998919665806
-4.005999941140414,-2.6999998919665806
-3.9559999403953556,-2.6999998919665806
-3.9059999396502976,-2.6999998919665806
-3.0059999262392525,-2.6999998919665806
-2.55599991953373,-2.6999998919665806
-2.505999918788672,-2.6999998919665806
-1.5559999046325688,-2.6999998919665806
0.8940001318752762,-2.6999998919665806
0.9440001326203342,-2.6999998919665806
-5.005999956041575,-2.6499998912215226
-3.9559999403953556,-2.6499998912215226
-3.9059999396502976,-2.6499998912215226
-3.0059999262392525,-2.6499998912215226
-2.55599991953373,-2.6499998912215226
-2.505999918788672,-2.6499998912215226
-1.5559999046325688,-2.6499998912215226
0.8940001318752762,-2.6499998912215226
0.9440001326203342,-2.6499998912215226
-5.005999956041575,-2.5999998904764645
-4.955999955296517,-2.5999998904764645
-4.005999941140414,-2.5999998904764645
-3.9559999403953556,-2.5999998904764645
-3.9059999396502976,-2.5999998904764645
-3.0059999262392525,-2.5999998904764645
-2.55599991953373,-2.5999998904764645
-2.505999918788672,-2.5999998904764645
-1.5559999046325688,-2.5999998904764645
0.8940001318752762,-2.5999998904764645
0.9440001326203342,-2.5999998904764645
-5.005999956041575,-2.5499998897314065
-4.005999941140414,-2.5499998897314065
-3.9559999403953556,-2.5499998897314065
-3.9059999396502976,-2.5499998897314065
-3.0559999269843106,-2.5499998897314065
-3.0059999262392525,-2.5499998897314065
-2.55599991953373,-2.5499998897314065
-2.505999918788672,-2.5499998897314065
-1.5559999046325688,-2.5499998897314065
0.8940001318752762,-2.5499998897314065
0.9440001326203342,-2.5499998897314065
-5.005999956041575,-2.4999998889863484
-4.005999941140414,-2.4999998889863484
-3.9559999403953556,-2.4999998889863484
-3.0059999262392525,-2.4999998889863484
-2.55599991953373,-2.4999998889863484
-1.5559999046325688,-2.4999998889863484
0.8940001318752762,-2.4999998889863484
-5.005999956041575,-2.4499998882412903
-3.9559999403953556,-2.4499998882412903
-3.0059999262392525,-2.4499998882412903
-2.55599991953373,-2.4499998882412903
-1.6059999053776268,-2.4499998882412903
-1.5559999046325688,-2.4499998882412903
0.8940001318752762,-2.4499998882412903
-5.005999956041575,-2.3999998874962323
-4.005999941140414,-2.3999998874962323
-3.9559999403953556,-2.3999998874962323
-3.0059999262392525,-2.3999998874962323
-2.605999920278788,-2.3999998874962323
-2.55599991953373,-2.3999998874962323
-1.6059999053776268,-2.3999998874962323
-1.5559999046325688,-2.3999998874962323
0.8940001318752762,-2.3999998874962323
-5.005999956041575,-2.349999886751174
-3.9559999403953556,-2.349999886751174
-3.0059999262392525,-2.349999886751174
-2.55599991953373,-2.349999886751174
-1.5559999046325688,-2.349999886751174
0.8940001318752762,-2.349999886751174
-5.005999956041575,-2.299999886006116
-4.005999941140414,-2.299999886006116
-3.9559999403953556,-2.299999886006116
-3.1059999277293686,-2.299999886006116
-3.0559999269843106,-2.299999886006116
-3.0059999262392525,-2.299999886006116
-2.55599991953373,-2.299999886006116
-1.5559999046325688,-2.299999886006116
0.8940001318752762,-2.299999886006116
-5.005999956041575,-2.249999885261058
-4.005999941140414,-2.249999885261058
-3.9559999403953556,-2.249999885261058
-3.0559999269843106,-2.249999885261058
-3.0059999262392525,-2.249999885261058
-2.55599991953373,-2.249999885261058
-1.6559999061226849,-2.249999885261058
-1.5559999046325688,-2.249999885261058
0.8940001318752762,-2.249999885261058
-5.005999956041575,-2.199999884516
-4.005999941140414,-2.199999884516
-3.9559999403953556,-2.199999884516
-3.0559999269843106,-2.199999884516
-3.0059999262392525,-2.199999884516
-2.55599991953373,-2.199999884516
-1.6059999053776268,-2.199999884516
-1.5559999046325688,-2.199999884516
0.8940001318752762,-2.199999884516
-5.055999956786633,-2.149999883770942
-5.005999956041575,-2.149999883770942
-4.955999955296517,-2.149999883770942
-4.005999941140414,-2.149999883770942
-3.9559999403953556,-2.149999883770942
-3.0559999269843106,-2.149999883770942
-3.0059999262392525,-2.149999883770942
-2.55599991953373,-2.149999883770942
-2.505999918788672,-2.149999883770942
-1.5559999046325688,-2.149999883770942
0.8940001318752762,-2.149999883770942
-5.055999956786633,-2.099999883025884
-5.005999956041575,-2.099999883025884
-3.9559999403953556,-2.099999883025884
-3.0559999269843106,-2.099999883025884
-3.0059999262392525,-2.099999883025884
-2.55599991953373,-2.099999883025884
-2.505999918788672,-2.099999883025884
-1.6059999053776268,-2.099999883025884
-1.5559999046325688,-2.099999883025884
0.8440001311302181,-2.099999883025884
0.8940001318752762,-2.099999883025884
-5.005999956041575,-2.049999882280826
-4.055999941885472,-2.049999882280826
-4.005999941140414,-2.049999882280826
-3.9559999403953556,-2.049999882280826
-3.9059999396502976,-2.049999882280826
-3.0559999269843106,-2.049999882280826
-3.0059999262392525,-2.049999882280826
-2.55599991953373,-2.049999882280826
-2.505999918788672,-2.049999882280826
-1.6059999053776268,-2.049999882280826
-1.5559999046325688,-2.049999882280826
0.8440001311302181,-2.049999882280826
0.8940001318752762,-2.049999882280826
-5.005999956041575,-1.9999998815357678
-4.005999941140414,-1.9999998815357678
-3.9559999403953556,-1.9999998815357678
-3.9059999396502976,-1.9999998815357678
-3.0559999269843106,-1.9999998815357678
-3.0059999262392525,-1.9999998815357678
-2.55599991953373,-1.9999998815357678
-2.505999918788672,-1.9999998815357678
-1.6059999053776268,-1.9999998815357678
-1.5559999046325688,-1.9999998815357678
0.8440001311302181,-1.9999998815357678
0.8940001318752762,-1.9999998815357678
-5.005999956041575,-1.9499998807907097
-4.005999941140414,-1.9499998807907097
-3.9559999403953556,-1.9499998807907097
-3.0559999269843106,-1.9499998807907097
-3.0059999262392525,-1.9499998807907097
-2.55599991953373,-1.9499998807907097
-1.6059999053776268,-1.9499998807907097
-1.5559999046325688,-1.9499998807907097
0.8440001311302181,-1.9499998807907097
0.8940001318752762,-1.9499998807907097
-5.005999956041575,-1.8999998800456517
-4.955999955296517,-1.8999998800456517
-4.055999941885472,-1.8999998800456517
-4.005999941140414,-1.8999998800456517
-3.9559999403953556,-1.8999998800456517
-3.0559999269843106,-1.8999998800456517
-2.55599991953373,-1.8999998800456517
-1.6059999053776268,-1.8999998800456517
0.8440001311302181,-1.8999998800456517
0.8940001318752762,-1.8999998800456517
-5.005999956041575,-1.8499998793005936
-4.055999941885472,-1.8499998793005936
-4.005999941140414,-1.8499998793005936
-3.9559999403953556,-1.8499998793005936
-3.1059999277293686,-1.8499998793005936
-3.0559999269843106,-1.8499998793005936
-2.55599991953373,-1.8499998793005936
-1.6059999053776268,-1.8499998793005936
0.8440001311302181,-1.8499998793005936
0.8940001318752762,-1.8499998793005936
-5.005999956041575,-1.7999998785555356
-4.055999941885472,-1.7999998785555356
-4.005999941140414,-1.7999998785555356
-3.9559999403953556,-1.7999998785555356
-3.1059999277293686,-1.7999998785555356
-3.0559999269843106,-1.7999998785555356
-2.55599991953373,-1.7999998785555356
-2.505999918788672,-1.7999998785555356
-1.6559999061226849,-1.7999998785555356
-1.6059999053776268,-1.7999998785555356
0.8440001311302181,-1.7999998785555356
0.8940001318752762,-1.7999998785555356
-5.055999956786633,-1.7499998778104775
-5.005999956041575,-1.7499998778104775
-4.055999941885472,-1.7499998778104775
-4.005999941140414,-1.7499998778104775
-3.9559999403953556,-1.7499998778104775
-3.1059999277293686,-1.7499998778104775
-3.0559999269843106,-1.7499998778104775
-2.55599991953373,-1.7499998778104775
-1.6059999053776268,-1.7499998778104775
-0.10599988302588503,-1.7499998778104775
0.8440001311302181,-1.7499998778104775
0.8940001318752762,-1.7499998778104775
-5.055999956786633,-1.6999998770654194
-5.005999956041575,-1.6999998770654194
-4.055999941885472,-1.6999998770654194
-4.005999941140414,-1.6999998770654194
-3.9559999403953556,-1.6999998770654194
-3.1059999277293686,-1.6999998770654194
-3.0559999269843106,-1.6999998770654194
-2.605999920278788,-1.6999998770654194
-2.55599991953373,-1.6999998770654194
-1.6059999053776268,-1.6999998770654194
-0.1559998837709431,-1.6999998770654194
-0.10599988302588503,-1.6999998770654194
0.8440001311302181,-1.6999998770654194
0.8940001318752762,-1.6999998770654194
-5.055999956786633,-1.6499998763203614
-5.005999956041575,-1.6499998763203614
-4.055999941885472,-1.6499998763203614
-4.005999941140414,-1.6499998763203614
-3.9559999403953556,-1.6499998763203614
-3.1059999277293686,-1.6499998763203614
-3.0559999269843106,-1.6499998763203614
-2.605999920278788,-1.6499998763203614
-2.55599991953373,-1.6499998763203614
-1.6059999053776268,-1.6499998763203614
-0.1559998837709431,-1.6499998763203614
-0.10599988302588503,-1.6499998763203614
0.8440001311302181,-1.6499998763203614
0.8940001318752762,-1.6499998763203614
-5.055999956786633,-1.5999998755753033
-4.055999941885472,-1.5999998755753033
-4.005999941140414,-1.5999998755753033
-3.9559999403953556,-1.5999998755753033
-3.1059999277293686,-1.5999998755753033
-3.0559999269843106,-1.5999998755753033
-2.605999920278788,-1.5999998755753033
-2.55599991953373,-1.5999998755753033
-1.6059999053776268,-1.5999998755753033
-0.1559998837709431,-1.5999998755753033
-0.10599988302588503,-1.5999998755753033
0.8440001311302181,-1.5999998755753033
0.8940001318752762,-1.5999998755753033
-5.055999956786633,-1.5499998748302453
-4.055999941885472,-1.5499998748302453
-4.005999941140414,-1.5499998748302453
-3.9559999403953556,-1.5499998748302453
-3.1059999277293686,-1.5499998748302453
-3.0559999269843106,-1.5499998748302453
-2.605999920278788,-1.5499998748302453
-2.55599991953373,-1.5499998748302453
-1.6059999053776268,-1.5499998748302453
-0.1559998837709431,-1.5499998748302453
-0.10599988302588503,-1.5499998748302453
0.8440001311302181,-1.5499998748302453
0.8940001318752762,-1.5499998748302453
-5.055999956786633,-1.4999998740851872
-4.055999941885472,-1.4999998740851872
-4.005999941140414,-1.4999998740851872
-3.9559999403953556,-1.4999998740851872
-3.1059999277293686,-1.4999998740851872
-3.0559999269843106,-1.4999998740851872
-2.605999920278788,-1.4999998740851872
-2.55599991953373,-1.4999998740851872
-1.6059999053776268,-1.4999998740851872
-0.1559998837709431,-1.4999998740851872
-0.10599988302588503,-1.4999998740851872
0.8440001311302181,-1.4999998740851872
0.8940001318752762,-1.4999998740851872
-5.055999956786633,-1.4499998733401291
-4.055999941885472,-1.4499998733401291
-4.005999941140414,-1.4499998733401291
-3.1059999277293686,-1.4499998733401291
-2.605999920278788,-1.4499998733401291
-2.55599991953373,-1.4499998733401291
-1.6059999053776268,-1.4499998733401291
-0.1559998837709431,-1.4499998733401291
-0.10599988302588503,-1.4499998733401291
0.8440001311302181,-1.4499998733401291
0.8940001318752762,-1.4499998733401291
-5.055999956786633,-1.399999872595071
-4.055999941885472,-1.399999872595071
-4.005999941140414,-1.399999872595071
-3.1059999277293686,-1.399999872595071
-3.0559999269843106,-1.399999872595071
-3.0059999262392525,-1.399999872595071
-2.605999920278788,-1.399999872595071
-2.55599991953373,-1.399999872595071
-1.6059999053776268,-1.399999872595071
-0.1559998837709431,-1.399999872595071
-0.10599988302588503,-1.399999872595071
0.8440001311302181,-1.399999872595071
0.8940001318752762,-1.399999872595071
-5.055999956786633,-1.349999871850013
-4.055999941885472,-1.349999871850013
-4.005999941140414,-1.349999871850013
-3.1059999277293686,-1.349999871850013
-3.0559999269843106,-1.349999871850013
-3.0059999262392525,-1.349999871850013
-2.9559999254941944,-1.349999871850013
-2.9059999247491364,-1.349999871850013
-2.8559999240040783,-1.349999871850013
-2.8059999232590203,-1.349999871850013
-2.755999922513962,-1.349999871850013
-2.705999921768904,-1.349999871850013
-2.655999921023846,-1.349999871850013
-2.605999920278788,-1.349999871850013
-1.6059999053776268,-1.349999871850013
-0.1559998837709431,-1.349999871850013
-0.10599988302588503,-1.349999871850013
0.8440001311302181,-1.349999871850013
0.8940001318752762,-1.349999871850013
-5.055999956786633,-1.299999871104955
-4.055999941885472,-1.299999871104955
-4.005999941140414,-1.299999871104955
-3.1059999277293686,-1.299999871104955
-3.0559999269843106,-1.299999871104955
-3.0059999262392525,-1.299999871104955
-2.9559999254941944,-1.299999871104955
-2.9059999247491364,-1.299999871104955
-2.8559999240040783,-1.299999871104955
-2.8059999232590203,-1.299999871104955
-2.755999922513962,-1.299999871104955
-2.705999921768904,-1.299999871104955
-2.655999921023846,-1.299999871104955
-1.6059999053776268,-1.299999871104955
-0.1559998837709431,-1.299999871104955
-0.10599988302588503,-1.299999871104955
0.8440001311302181,-1.299999871104955
0.8940001318752762,-1.299999871104955
-5.055999956786633,-1.249999870359897
-4.955999955296517,-1.249999870359897
-4.055999941885472,-1.249999870359897
-4.005999941140414,-1.249999870359897
-1.6559999061226849,-1.249999870359897
-1.6059999053776268,-1.249999870359897
-0.1559998837709431,-1.249999870359897
0.8440001311302181,-1.249999870359897
-5.055999956786633,-1.1999998696148388
-5.005999956041575,-1.1999998696148388
-4.055999941885472,-1.1999998696148388
-4.005999941140414,-1.1999998696148388
-1.6059999053776268,-1.1999998696148388
-0.1559998837709431,-1.1999998696148388
0.8440001311302181,-1.1999998696148388
-5.055999956786633,-1.1499998688697808
-5.005999956041575,-1.1499998688697808
-4.055999941885472,-1.1499998688697808
-4.005999941140414,-1.1499998688697808
-1.6559999061226849,-1.1499998688697808
-1.6059999053776268,-1.1499998688697808
-0.1559998837709431,-1.1499998688697808
0.8440001311302181,-1.1499998688697808
-5.105999957531691,-1.0999998681247227
-5.055999956786633,-1.0999998681247227
-5.005999956041575,-1.0999998681247227
-1.6559999061226849,-1.0999998681247227
-1.6059999053776268,-1.0999998681247227
-0.1559998837709431,-1.0999998681247227
0.8440001311302181,-1.0999998681247227
0.8940001318752762,-1.0999998681247227
-5.055999956786633,-1.0499998673796647
-5.005999956041575,-1.0499998673796647
-1.6559999061226849,-1.0499998673796647
-1.6059999053776268,-1.0499998673796647
-0.20599988451600115,-1.0499998673796647
-0.1559998837709431,-1.0499998673796647
0.8440001311302181,-1.0499998673796647
-5.005999956041575,-0.9999998666346066
-1.6059999053776268,-0.9999998666346066
-0.20599988451600115,-0.9999998666346066
-0.1559998837709431,-0.9999998666346066
0.8440001311302181,-0.9999998666346066
-5.055999956786633,-0.9499998658895485
-5.005999956041575,-0.9499998658895485
-1.6559999061226849,-0.9499998658895485
-1.6059999053776268,-0.9499998658895485
-0.20599988451600115,-0.9499998658895485
-0.1559998837709431,-0.9499998658895485
-0.10599988302588503,-0.9499998658895485
0.8440001311302181,-0.9499998658895485
0.8940001318752762,-0.9499998658895485
-5.105999957531691,-0.8999998651444905
-5.055999956786633,-0.8999998651444905
-5.005999956041575,-0.8999998651444905
-1.6559999061226849,-0.8999998651444905
-1.6059999053776268,-0.8999998651444905
-0.20599988451600115,-0.8999998651444905
-0.1559998837709431,-0.8999998651444905
0.8440001311302181,-0.8999998651444905
-5.105999957531691,-0.8499998643994324
-5.055999956786633,-0.8499998643994324
-5.005999956041575,-0.8499998643994324
-1.6559999061226849,-0.8499998643994324
-1.6059999053776268,-0.8499998643994324
-0.20599988451600115,-0.8499998643994324
-0.1559998837709431,-0.8499998643994324
0.8440001311302181,-0.8499998643994324
-5.105999957531691,-0.7999998636543744
-5.055999956786633,-0.7999998636543744
-5.005999956041575,-0.7999998636543744
-1.6559999061226849,-0.7999998636543744
-1.6059999053776268,-0.7999998636543744
-0.20599988451600115,-0.7999998636543744
-0.1559998837709431,-0.7999998636543744
0.79400013038516,-0.7999998636543744
0.8440001311302181,-0.7999998636543744
-5.105999957531691,-0.7499998629093163
-5.055999956786633,-0.7499998629093163
-5.005999956041575,-0.7499998629093163
-1.6559999061226849,-0.7499998629093163
-1.6059999053776268,-0.7499998629093163
-0.20599988451600115,-0.7499998629093163
-0.1559998837709431,-0.7499998629093163
0.79400013038516,-0.7499998629093163
0.8440001311302181,-0.7499998629093163
-5.105999957531691,-0.6999998621642582
-5.055999956786633,-0.6999998621642582
-5.005999956041575,-0.6999998621642582
-1.6559999061226849,-0.6999998621642582
-1.6059999053776268,-0.6999998621642582
-0.20599988451600115,-0.6999998621642582
-0.1559998837709431,-0.6999998621642582
0.79400013038516,-0.6999998621642582
0.8440001311302181,-0.6999998621642582
-5.105999957531691,-0.6499998614192002
-5.055999956786633,-0.6499998614192002
-1.6559999061226849,-0.6499998614192002
-1.6059999053776268,-0.6499998614192002
-0.20599988451600115,-0.6499998614192002
-0.1559998837709431,-0.6499998614192002
0.79400013038516,-0.6499998614192002
0.8440001311302181,-0.6499998614192002
0.8940001318752762,-0.6499998614192002
-5.105999957531691,-0.5999998606741421
-5.055999956786633,-0.5999998606741421
-1.6559999061226849,-0.5999998606741421
-1.6059999053776268,-0.5999998606741421
-0.20599988451600115,-0.5999998606741421
-0.1559998837709431,-0.5999998606741421
0.79400013038516,-0.5999998606741421
0.8440001311302181,-0.5999998606741421
0.8940001318752762,-0.5999998606741421
-5.105999957531691,-0.5499998599290841
-5.055999956786633,-0.5499998599290841
-1.6559999061226849,-0.5499998599290841
-1.6059999053776268,-0.5499998599290841
-0.20599988451600115,-0.5499998599290841
-0.1559998837709431,-0.5499998599290841
0.79400013038516,-0.5499998599290841
0.8440001311302181,-0.5499998599290841
-5.105999957531691,-0.499999859184026
-5.055999956786633,-0.499999859184026
-1.6559999061226849,-0.499999859184026
-1.6059999053776268,-0.499999859184026
-0.20599988451600115,-0.499999859184026
-0.1559998837709431,-0.499999859184026
0.8440001311302181,-0.499999859184026
-5.105999957531691,-0.44999985843896795
-5.055999956786633,-0.44999985843896795
-3.0559999269843106,-0.44999985843896795
-3.0059999262392525,-0.44999985843896795
-2.9559999254941944,-0.44999985843896795
-2.9059999247491364,-0.44999985843896795
-2.8559999240040783,-0.44999985843896795
-2.8059999232590203,-0.44999985843896795
-2.755999922513962,-0.44999985843896795
-2.705999921768904,-0.44999985843896795
-2.655999921023846,-0.44999985843896795
-2.605999920278788,-0.44999985843896795
-1.6559999061226849,-0.44999985843896795
-1.6059999053776268,-0.44999985843896795
-0.20599988451600115,-0.44999985843896795
-0.1559998837709431,-0.44999985843896795
0.8440001311302181,-0.44999985843896795
0.8940001318752762,-0.44999985843896795
-5.105999957531691,-0.3999998576939099
-5.055999956786633,-0.3999998576939099
-3.0559999269843106,-0.3999998576939099
-3.0059999262392525,-0.3999998576939099
-2.8059999232590203,-0.3999998576939099
-2.755999922513962,-0.3999998576939099
-2.705999921768904,-0.3999998576939099
-2.655999921023846,-0.3999998576939099
-2.605999920278788,-0.3999998576939099
-2.55599991953373,-0.3999998576939099
-2.505999918788672,-0.3999998576939099
-2.455999918043614,-0.3999998576939099
-2.405999917298556,-0.3999998576939099
-2.3559999165534977,-0.3999998576939099
-2.3059999158084397,-0.3999998576939099
-2.2559999150633816,-0.3999998576939099
-2.2059999143183235,-0.3999998576939099
-2.1559999135732655,-0.3999998576939099
-2.1059999128282074,-0.3999998576939099
-2.0559999120831494,-0.3999998576939099
-2.0059999113380913,-0.3999998576939099
-1.9559999105930332,-0.3999998576939099
-1.9059999098479752,-0.3999998576939099
-1.8559999091029171,-0.3999998576939099
-1.805999908357859,-0.3999998576939099
-1.755999907612801,-0.3999998576939099
-1.705999906867743,-0.3999998576939099
-1.6559999061226849,-0.3999998576939099
-1.6059999053776268,-0.3999998576939099
-1.5559999046325688,-0.3999998576939099
-1.5059999038875107,-0.3999998576939099
-0.2559998852610592,-0.3999998576939099
-0.20599988451600115,-0.3999998576939099
-0.1559998837709431,-0.3999998576939099
0.8440001311302181,-0.3999998576939099
-5.105999957531691,-0.34999985694885183
-5.055999956786633,-0.34999985694885183
-3.1059999277293686,-0.34999985694885183
-3.0559999269843106,-0.34999985694885183
-3.0059999262392525,-0.34999985694885183
-2.9559999254941944,-0.34999985694885183
-2.9059999247491364,-0.34999985694885183
-2.8559999240040783,-0.34999985694885183
-2.755999922513962,-0.34999985694885183
-2.705999921768904,-0.34999985694885183
-2.505999918788672,-0.34999985694885183
-2.455999918043614,-0.34999985694885183
-2.405999917298556,-0.34999985694885183
-2.3559999165534977,-0.34999985694885183
-2.3059999158084397,-0.34999985694885183
-2.2559999150633816,-0.34999985694885183
-2.2059999143183235,-0.34999985694885183
-2.1559999135732655,-0.34999985694885183
-2.1059999128282074,-0.34999985694885183
-2.0559999120831494,-0.34999985694885183
-2.0059999113380913,-0.34999985694885183
-1.9559999105930332,-0.34999985694885183
-1.9059999098479752,-0.34999985694885183
-1.8559999091029171,-0.34999985694885183
-1.805999908357859,-0.34999985694885183
-1.755999907612801,-0.34999985694885183
-1.705999906867743,-0.34999985694885183
-1.6559999061226849,-0.34999985694885183
-1.6059999053776268,-0.34999985694885183
-1.5559999046325688,-0.34999985694885183
-1.5059999038875107,-0.34999985694885183
-1.4559999031424526,-0.34999985694885183
-1.4059999023973946,-0.34999985694885183
-1.3559999016523365,-0.34999985694885183
-1.3059999009072785,-0.34999985694885183
-1.2559999001622204,-0.34999985694885183
-1.2059998994171623,-0.34999985694885183
-1.1559998986721043,-0.34999985694885183
-1.1059998979270462,-0.34999985694885183
-1.0559998971819882,-0.34999985694885183
-1.00599989643693,-0.34999985694885183
-0.955999895691872,-0.34999985694885183
-0.905999894946814,-0.34999985694885183
-0.8559998942017559,-0.34999985694885183
-0.8059998934566979,-0.34999985694885183
-0.7559998927116398,-0.34999985694885183
-0.7059998919665817,-0.34999985694885183
-0.6559998912215237,-0.34999985694885183
-0.6059998904764656,-0.34999985694885183
-0.5559998897314076,-0.34999985694885183
-0.5059998889863495,-0.34999985694885183
-0.45599988824129145,-0.34999985694885183
-0.4059998874962334,-0.34999985694885183
-0.20599988451600115,-0.34999985694885183
-0.1559998837709431,-0.34999985694885183
0.8440001311302181,-0.34999985694885183
-5.105999957531691,-0.29999985620379377
-5.055999956786633,-0.29999985620379377
-3.0559999269843106,-0.29999985620379377
-3.0059999262392525,-0.29999985620379377
-2.9559999254941944,-0.29999985620379377
-2.9059999247491364,-0.29999985620379377
-2.8559999240040783,-0.29999985620379377
-2.8059999232590203,-0.29999985620379377
-2.755999922513962,-0.29999985620379377
-2.705999921768904,-0.29999985620379377
-2.655999921023846,-0.29999985620379377
-2.605999920278788,-0.29999985620379377
-2.55599991953373,-0.29999985620379377
-2.505999918788672,-0.29999985620379377
-2.455999918043614,-0.29999985620379377
-2.405999917298556,-0.29999985620379377
-2.3559999165534977,-0.29999985620379377
-2.3059999158084397,-0.29999985620379377
-2.2559999150633816,-0.29999985620379377
-2.2059999143183235,-0.29999985620379377
-2.1559999135732655,-0.29999985620379377
-2.1059999128282074,-0.29999985620379377
-2.0559999120831494,-0.29999985620379377
-2.0059999113380913,-0.29999985620379377
-1.9559999105930332,-0.29999985620379377
-1.9059999098479752,-0.29999985620379377
-1.8559999091029171,-0.29999985620379377
-1.805999908357859,-0.29999985620379377
-1.755999907612801,-0.29999985620379377
-1.705999906867743,-0.29999985620379377
-1.6559999061226849,-0.29999985620379377
-1.6059999053776268,-0.29999985620379377
-1.5559999046325688,-0.29999985620379377
-1.4559999031424526,-0.29999985620379377
-1.4059999023973946,-0.29999985620379377
-1.3559999016523365,-0.29999985620379377
-0.8559998942017559,-0.29999985620379377
-0.8059998934566979,-0.29999985620379377
-0.7559998927116398,-0.29999985620379377
-0.7059998919665817,-0.29999985620379377
-0.6559998912215237,-0.29999985620379377
-0.6059998904764656,-0.29999985620379377
-0.5559998897314076,-0.29999985620379377
-0.5059998889863495,-0.29999985620379377
-0.45599988824129145,-0.29999985620379377
-0.4059998874962334,-0.29999985620379377
-0.35599988675117533,-0.29999985620379377
-0.30599988600611727,-0.29999985620379377
-0.2559998852610592,-0.29999985620379377
-0.20599988451600115,-0.29999985620379377
-0.1559998837709431,-0.29999985620379377
0.8440001311302181,-0.29999985620379377
0.8940001318752762,-0.29999985620379377
-5.105999957531691,-0.2499998554587357
-5.055999956786633,-0.2499998554587357
-2.9059999247491364,-0.2499998554587357
-2.2559999150633816,-0.2499998554587357
-2.2059999143183235,-0.2499998554587357
-1.8559999091029171,-0.2499998554587357
-1.805999908357859,-0.2499998554587357
-1.755999907612801,-0.2499998554587357
-1.705999906867743,-0.2499998554587357
-1.6559999061226849,-0.2499998554587357
-1.6059999053776268,-0.2499998554587357
-1.5559999046325688,-0.2499998554587357
-1.5059999038875107,-0.2499998554587357
-1.4559999031424526,-0.2499998554587357
-1.4059999023973946,-0.2499998554587357
-1.3559999016523365,-0.2499998554587357
-1.3059999009072785,-0.2499998554587357
-1.2559999001622204,-0.2499998554587357
-1.2059998994171623,-0.2499998554587357
-1.1559998986721043,-0.2499998554587357
-1.1059998979270462,-0.2499998554587357
-1.0559998971819882,-0.2499998554587357
-1.00599989643693,-0.2499998554587357
-0.955999895691872,-0.2499998554587357
-0.905999894946814,-0.2499998554587357
-0.8559998942017559,-0.2499998554587357
-0.8059998934566979,-0.2499998554587357
-0.7559998927116398,-0.2499998554587357
-0.7059998919665817,-0.2499998554587357
-0.6559998912215237,-0.2499998554587357
-0.6059998904764656,-0.2499998554587357
-0.5559998897314076,-0.2499998554587357
-0.5059998889863495,-0.2499998554587357
-0.45599988824129145,-0.2499998554587357
-0.30599988600611727,-0.2499998554587357
-0.2559998852610592,-0.2499998554587357
-0.1559998837709431,-0.2499998554587357
0.8440001311302181,-0.2499998554587357
-5.105999957531691,-0.19999985471367765
-5.055999956786633,-0.19999985471367765
-1.1559998986721043,-0.19999985471367765
-1.1059998979270462,-0.19999985471367765
-1.0559998971819882,-0.19999985471367765
-0.6559998912215237,-0.19999985471367765
-0.6059998904764656,-0.19999985471367765
-0.5559998897314076,-0.19999985471367765
-0.5059998889863495,-0.19999985471367765
-0.45599988824129145,-0.19999985471367765
-0.4059998874962334,-0.19999985471367765
-0.35599988675117533,-0.19999985471367765
-0.30599988600611727,-0.19999985471367765
-0.2559998852610592,-0.19999985471367765
-0.20599988451600115,-0.19999985471367765
-0.1559998837709431,-0.19999985471367765
0.79400013038516,-0.19999985471367765
0.8440001311302181,-0.19999985471367765
-5.105999957531691,-0.1499998539686196
-5.055999956786633,-0.1499998539686196
0.8440001311302181,-0.1499998539686196
-5.105999957531691,-0.09999985322356153
-5.055999956786633,-0.09999985322356153
0.8440001311302181,-0.09999985322356153
-5.105999957531691,-0.04999985247850347
-5.055999956786633,-0.04999985247850347
0.8440001311302181,-0.04999985247850347
-5.105999957531691,1.4826655458932692e-07
-5.055999956786633,1.4826655458932692e-07
0.8440001311302181,1.4826655458932692e-07
-5.105999957531691,0.05000014901161265
-5.055999956786633,0.05000014901161265
0.8440001311302181,0.05000014901161265
-5.105999957531691,0.10000014975667071
-5.055999956786633,0.10000014975667071
0.79400013038516,0.10000014975667071
0.8440001311302181,0.10000014975667071
-5.155999958276749,0.15000015050172877
-5.105999957531691,0.15000015050172877
-5.055999956786633,0.15000015050172877
0.79400013038516,0.15000015050172877
0.8440001311302181,0.15000015050172877
-5.105999957531691,0.20000015124678683
-5.055999956786633,0.20000015124678683
-5.005999956041575,0.20000015124678683
0.79400013038516,0.20000015124678683
0.8440001311302181,0.20000015124678683
-5.105999957531691,0.2500001519918449
-5.055999956786633,0.2500001519918449
-5.005999956041575,0.2500001519918449
0.79400013038516,0.2500001519918449
0.8440001311302181,0.2500001519918449
-5.105999957531691,0.30000015273690295
-5.055999956786633,0.30000015273690295
0.79400013038516,0.30000015273690295
0.8440001311302181,0.30000015273690295
